"Km_western","n_western","factorName"
33.2574478695552,4.95374937850698,"TBP"
57.960888446354,3.84547478004601,"TFIIA"
42.6073177827583,4.28481709886362,"TFIIB"
40.3351566189529,2.93690962792555,"TFIIE"
42.2454690097029,6.57841246884102,"TFIIF"
